"mission","BiolSum","qatFile","odf","path","path_odf","mission_protocol","responsible_group","header_collector","Biolpath","Biolsumedit","newqatpath","newqat"
"BCD1999666","BCD1999666_biolsums_JB.xlsx","BCD1999666_QAT_BC.csv","BCD1999666_ctd_metadata.xlsx","//ent.dfo-mpo.ca/ATLShares/Science/BIODataSvc/SRC/BIOCHEMInventory/Data_by_Year_and_Cruise/1990-1999/1999/99666/1_REBOOT","C:/Users/steeler/Documents/Reid/BCD Creation/Fixed Station Biochem Reload/convertingtoBCDBCS/ODF files","AZMP","AZMP","?","C:/Users/steeler/Documents/Reid/BCD Creation/Fixed Station Biochem Reload/convertingtoBCDBCS/corrected biolsums","BCD1999666_biolsums_JB_edited.csv","C:/Users/steeler/Documents/Reid/BCD Creation/Fixed Station Biochem Reload/checkingnewqats/NEWQATS_RS","BCD1999666_QAT2020.csv"
"BCD1999668","BCD1999668_biolsums_JB.xlsx","BCD1999668_QAT_BC.csv","BCD1999668_ctd_metadata.xlsx","//ent.dfo-mpo.ca/ATLShares/Science/BIODataSvc/SRC/BIOCHEMInventory/Data_by_Year_and_Cruise/1990-1999/1999/99668_VOO/1_REBOOT","C:/Users/steeler/Documents/Reid/BCD Creation/Fixed Station Biochem Reload/convertingtoBCDBCS/ODF files","AZMP","AZMP","?","C:/Users/steeler/Documents/Reid/BCD Creation/Fixed Station Biochem Reload/convertingtoBCDBCS/corrected biolsums","BCD1999668_biolsums_JB_edited.csv","C:/Users/steeler/Documents/Reid/BCD Creation/Fixed Station Biochem Reload/checkingnewqats/NEWQATS_RS","BCD1999668_QAT2020.csv"
"BCD1999669","BCD1999669_biolsums_JB.xlsx","BCD1999669_QAT_BC.csv","BCD1999669_ctd_metadata.xlsx","//ent.dfo-mpo.ca/ATLShares/Science/BIODataSvc/SRC/BIOCHEMInventory/Data_by_Year_and_Cruise/1990-1999/1999/99669_VOO/1_REBOOT","C:/Users/steeler/Documents/Reid/BCD Creation/Fixed Station Biochem Reload/convertingtoBCDBCS/ODF files","AZMP","AZMP","?","C:/Users/steeler/Documents/Reid/BCD Creation/Fixed Station Biochem Reload/convertingtoBCDBCS/corrected biolsums","BCD1999669_biolsums_JB_edited.csv","C:/Users/steeler/Documents/Reid/BCD Creation/Fixed Station Biochem Reload/checkingnewqats/NEWQATS_RS","BCD1999669_QAT2020.csv"
"BCD2000666","BCD2000666_biolsums_JB.xlsx","BCD2000666_QAT_BC.csv","BCD2000666_ctd_metadata.xlsx","//ent.dfo-mpo.ca/ATLShares/Science/BIODataSvc/SRC/BIOCHEMInventory/Data_by_Year_and_Cruise/2000-2009/2000/BCD2000666/1_REBOOT","C:/Users/steeler/Documents/Reid/BCD Creation/Fixed Station Biochem Reload/convertingtoBCDBCS/ODF files","AZMP","AZMP","?","C:/Users/steeler/Documents/Reid/BCD Creation/Fixed Station Biochem Reload/convertingtoBCDBCS/corrected biolsums","BCD2000666_biolsums_JB_edited.csv","C:/Users/steeler/Documents/Reid/BCD Creation/Fixed Station Biochem Reload/checkingnewqats/NEWQATS_RS","BCD2000666_QAT2020.csv"
"BCD2000668","BCD2000668_biolsums_JB.xlsx","BCD2000668_QAT_BC.csv","BCD2000668_ctd_metadata.xlsx","//ent.dfo-mpo.ca/ATLShares/Science/BIODataSvc/SRC/BIOCHEMInventory/Data_by_Year_and_Cruise/2000-2009/2000/BCD2000668/1_REBOOT","C:/Users/steeler/Documents/Reid/BCD Creation/Fixed Station Biochem Reload/convertingtoBCDBCS/ODF files","AZMP","AZMP","?","C:/Users/steeler/Documents/Reid/BCD Creation/Fixed Station Biochem Reload/convertingtoBCDBCS/corrected biolsums","BCD2000668_biolsums_JB_edited.csv","C:/Users/steeler/Documents/Reid/BCD Creation/Fixed Station Biochem Reload/checkingnewqats/NEWQATS_RS","BCD2000668_QAT2020.csv"
"BCD2000669","BCD2000669_biolsums_JB.xlsx","BCD2000669_QAT_BC.csv","BCD2000669_ctd_metadata.xlsx","//ent.dfo-mpo.ca/ATLShares/Science/BIODataSvc/SRC/BIOCHEMInventory/Data_by_Year_and_Cruise/2000-2009/2000/BCD2000669/1_REBOOT","C:/Users/steeler/Documents/Reid/BCD Creation/Fixed Station Biochem Reload/convertingtoBCDBCS/ODF files","AZMP","AZMP","?","C:/Users/steeler/Documents/Reid/BCD Creation/Fixed Station Biochem Reload/convertingtoBCDBCS/corrected biolsums","BCD2000669_biolsums_JB_edited.csv","C:/Users/steeler/Documents/Reid/BCD Creation/Fixed Station Biochem Reload/checkingnewqats/NEWQATS_RS","BCD2000669_QAT2020.csv"
"BCD2001666","BCD2001666_BiolSum.xls","BCD2001666_QAT_BC.csv","BCD2001666_ctd_metadata.xlsx","//ent.dfo-mpo.ca/ATLShares/Science/BIODataSvc/SRC/BIOCHEMInventory/Data_by_Year_and_Cruise/2000-2009/2001/BCD2001666/1_REBOOT","C:/Users/steeler/Documents/Reid/BCD Creation/Fixed Station Biochem Reload/convertingtoBCDBCS/ODF files","AZMP","AZMP","?","C:/Users/steeler/Documents/Reid/BCD Creation/Fixed Station Biochem Reload/convertingtoBCDBCS/corrected biolsums","BCD2001666_BiolSum_edited.csv","C:/Users/steeler/Documents/Reid/BCD Creation/Fixed Station Biochem Reload/checkingnewqats/NEWQATS_RS","BCD2001666_QAT2020.csv"
"BCD2001668","BCD2001668_biolsums_JB.xlsx","BCD2001668_QAT_BC.csv","BCD2001668_ctd_metadata.xlsx","//ent.dfo-mpo.ca/ATLShares/Science/BIODataSvc/SRC/BIOCHEMInventory/Data_by_Year_and_Cruise/2000-2009/2001/BCD2001668/1_REBOOT","C:/Users/steeler/Documents/Reid/BCD Creation/Fixed Station Biochem Reload/convertingtoBCDBCS/ODF files","AZMP","AZMP","?","C:/Users/steeler/Documents/Reid/BCD Creation/Fixed Station Biochem Reload/convertingtoBCDBCS/corrected biolsums","BCD2001668_biolsums_JB_edited.csv","C:/Users/steeler/Documents/Reid/BCD Creation/Fixed Station Biochem Reload/checkingnewqats/NEWQATS_RS","BCD2001668_QAT2020.csv"
"BCD2001669","BCD2001669_BiolSum.xls","BCD2001669_QAT_BC.csv","BCD2001669_ctd_metadata.xlsx","//ent.dfo-mpo.ca/ATLShares/Science/BIODataSvc/SRC/BIOCHEMInventory/Data_by_Year_and_Cruise/2000-2009/2001/BCD2001669/1_REBOOT","C:/Users/steeler/Documents/Reid/BCD Creation/Fixed Station Biochem Reload/convertingtoBCDBCS/ODF files","AZMP","AZMP","?","C:/Users/steeler/Documents/Reid/BCD Creation/Fixed Station Biochem Reload/convertingtoBCDBCS/corrected biolsums","BCD2001669_BiolSum_edited.csv","C:/Users/steeler/Documents/Reid/BCD Creation/Fixed Station Biochem Reload/checkingnewqats/NEWQATS_RS","BCD2001669_QAT2020.csv"
"BCD2002666","BCD2002666_BiolSum.xls","BCD2002666_QAT_BC.csv","BCD2002666_ctd_metadata.xlsx","//ent.dfo-mpo.ca/ATLShares/Science/BIODataSvc/SRC/BIOCHEMInventory/Data_by_Year_and_Cruise/2000-2009/2002/BCD2002666/1_REBOOT","C:/Users/steeler/Documents/Reid/BCD Creation/Fixed Station Biochem Reload/convertingtoBCDBCS/ODF files","AZMP","AZMP","?","C:/Users/steeler/Documents/Reid/BCD Creation/Fixed Station Biochem Reload/convertingtoBCDBCS/corrected biolsums","BCD2002666_BiolSum_edited.csv","C:/Users/steeler/Documents/Reid/BCD Creation/Fixed Station Biochem Reload/checkingnewqats/NEWQATS_RS","BCD2002666_QAT2020.csv"
"BCD2002668","BCD2002668_biolsums_JB.xlsx","BCD2002668_QAT_BC.csv","BCD2002668_ctd_metadata.xlsx","//ent.dfo-mpo.ca/ATLShares/Science/BIODataSvc/SRC/BIOCHEMInventory/Data_by_Year_and_Cruise/2000-2009/2002/BCD2002668/1_REBOOT","C:/Users/steeler/Documents/Reid/BCD Creation/Fixed Station Biochem Reload/convertingtoBCDBCS/ODF files","AZMP","AZMP","?","C:/Users/steeler/Documents/Reid/BCD Creation/Fixed Station Biochem Reload/convertingtoBCDBCS/corrected biolsums","BCD2002668_biolsums_JB_edited.csv","C:/Users/steeler/Documents/Reid/BCD Creation/Fixed Station Biochem Reload/checkingnewqats/NEWQATS_RS","BCD2002668_QAT2020.csv"
"BCD2002669","BCD2002669_BiolSum.xls","BCD2002669_QAT_BC.csv","BCD2002669_ctd_metadata.xlsx","//ent.dfo-mpo.ca/ATLShares/Science/BIODataSvc/SRC/BIOCHEMInventory/Data_by_Year_and_Cruise/2000-2009/2002/BCD2002669/1_REBOOT","C:/Users/steeler/Documents/Reid/BCD Creation/Fixed Station Biochem Reload/convertingtoBCDBCS/ODF files","AZMP","AZMP","?","C:/Users/steeler/Documents/Reid/BCD Creation/Fixed Station Biochem Reload/convertingtoBCDBCS/corrected biolsums","BCD2002669_BiolSum_edited.csv","C:/Users/steeler/Documents/Reid/BCD Creation/Fixed Station Biochem Reload/checkingnewqats/NEWQATS_RS","BCD2002669_QAT2020.csv"
"BCD2003666","BCD2003666_BiolSum.xls","BCD2003666_QAT_BC.csv","BCD2003666_ctd_metadata.xlsx","//ent.dfo-mpo.ca/ATLShares/Science/BIODataSvc/SRC/BIOCHEMInventory/Data_by_Year_and_Cruise/2000-2009/2003/BCD2003666/1_REBOOT","C:/Users/steeler/Documents/Reid/BCD Creation/Fixed Station Biochem Reload/convertingtoBCDBCS/ODF files","AZMP","AZMP","?","C:/Users/steeler/Documents/Reid/BCD Creation/Fixed Station Biochem Reload/convertingtoBCDBCS/corrected biolsums","BCD2003666_BiolSum_edited.csv","C:/Users/steeler/Documents/Reid/BCD Creation/Fixed Station Biochem Reload/checkingnewqats/NEWQATS_RS","BCD2003666_QAT2020.csv"
"BCD2003668","BCD2003668_biolsums_JB.xlsx","BCD2003668_QAT_BC.csv","BCD2003668_ctd_metadata.xlsx","//ent.dfo-mpo.ca/ATLShares/Science/BIODataSvc/SRC/BIOCHEMInventory/Data_by_Year_and_Cruise/2000-2009/2003/BCD2003668/1_REBOOT","C:/Users/steeler/Documents/Reid/BCD Creation/Fixed Station Biochem Reload/convertingtoBCDBCS/ODF files","AZMP","AZMP","?","C:/Users/steeler/Documents/Reid/BCD Creation/Fixed Station Biochem Reload/convertingtoBCDBCS/corrected biolsums","BCD2003668_biolsums_JB_edited.csv","C:/Users/steeler/Documents/Reid/BCD Creation/Fixed Station Biochem Reload/checkingnewqats/NEWQATS_RS","BCD2003668_QAT2020.csv"
"BCD2003669","BCD2003669_BiolSum.xls","BCD2003669_QAT_BC.csv","BCD2003669_ctd_metadata.xlsx","//ent.dfo-mpo.ca/ATLShares/Science/BIODataSvc/SRC/BIOCHEMInventory/Data_by_Year_and_Cruise/2000-2009/2003/BCD2003669/1_REBOOT","C:/Users/steeler/Documents/Reid/BCD Creation/Fixed Station Biochem Reload/convertingtoBCDBCS/ODF files","AZMP","AZMP","?","C:/Users/steeler/Documents/Reid/BCD Creation/Fixed Station Biochem Reload/convertingtoBCDBCS/corrected biolsums","BCD2003669_BiolSum_edited.csv","C:/Users/steeler/Documents/Reid/BCD Creation/Fixed Station Biochem Reload/checkingnewqats/NEWQATS_RS","BCD2003669_QAT2020.csv"
"BCD2004666","BCD2004666_BiolSum.xls","BCD2004666_QAT_BC.csv","BCD2004666_ctd_metadata.xlsx","//ent.dfo-mpo.ca/ATLShares/Science/BIODataSvc/SRC/BIOCHEMInventory/Data_by_Year_and_Cruise/2000-2009/2004/BCD2004666/1_REBOOT","C:/Users/steeler/Documents/Reid/BCD Creation/Fixed Station Biochem Reload/convertingtoBCDBCS/ODF files","AZMP","AZMP","?","C:/Users/steeler/Documents/Reid/BCD Creation/Fixed Station Biochem Reload/convertingtoBCDBCS/corrected biolsums","BCD2004666_BiolSum_edited.csv","C:/Users/steeler/Documents/Reid/BCD Creation/Fixed Station Biochem Reload/checkingnewqats/NEWQATS_RS","BCD2004666_QAT2020.csv"
"BCD2004668","BCD2004668_biolsums_JB.xlsx","BCD2004668_QAT_BC.csv","BCD2004668_ctd_metadata.xlsx","//ent.dfo-mpo.ca/ATLShares/Science/BIODataSvc/SRC/BIOCHEMInventory/Data_by_Year_and_Cruise/2000-2009/2004/BCD2004668/1_REBOOT","C:/Users/steeler/Documents/Reid/BCD Creation/Fixed Station Biochem Reload/convertingtoBCDBCS/ODF files","AZMP","AZMP","?","C:/Users/steeler/Documents/Reid/BCD Creation/Fixed Station Biochem Reload/convertingtoBCDBCS/corrected biolsums","BCD2004668_biolsums_JB_edited.csv","C:/Users/steeler/Documents/Reid/BCD Creation/Fixed Station Biochem Reload/checkingnewqats/NEWQATS_RS","BCD2004668_QAT2020.csv"
"BCD2004669","BCD2004669_BiolSum.xls","BCD2004669_QAT_BC.csv","BCD2004669_ctd_metadata.xlsx","//ent.dfo-mpo.ca/ATLShares/Science/BIODataSvc/SRC/BIOCHEMInventory/Data_by_Year_and_Cruise/2000-2009/2004/BCD2004669/1_REBOOT","C:/Users/steeler/Documents/Reid/BCD Creation/Fixed Station Biochem Reload/convertingtoBCDBCS/ODF files","AZMP","AZMP","?","C:/Users/steeler/Documents/Reid/BCD Creation/Fixed Station Biochem Reload/convertingtoBCDBCS/corrected biolsums","BCD2004669_BiolSum_edited.csv","C:/Users/steeler/Documents/Reid/BCD Creation/Fixed Station Biochem Reload/checkingnewqats/NEWQATS_RS","BCD2004669_QAT2020.csv"
"BCD2005666","BCD2005666_BiolSum.xls","BCD2005666_QAT_BC.csv","BCD2005666_ctd_metadata.xlsx","//ent.dfo-mpo.ca/ATLShares/Science/BIODataSvc/SRC/BIOCHEMInventory/Data_by_Year_and_Cruise/2000-2009/2005/BCD2005666/1_REBOOT","C:/Users/steeler/Documents/Reid/BCD Creation/Fixed Station Biochem Reload/convertingtoBCDBCS/ODF files","AZMP","AZMP","?","C:/Users/steeler/Documents/Reid/BCD Creation/Fixed Station Biochem Reload/convertingtoBCDBCS/corrected biolsums","BCD2005666_BiolSum_edited.csv","C:/Users/steeler/Documents/Reid/BCD Creation/Fixed Station Biochem Reload/checkingnewqats/NEWQATS_RS","BCD2005666_QAT2020.csv"
"BCD2005668","BCD2005668_biolsums_JB.xlsx","BCD2005668_QAT_BC.csv","BCD2005668_ctd_metadata.xlsx","//ent.dfo-mpo.ca/ATLShares/Science/BIODataSvc/SRC/BIOCHEMInventory/Data_by_Year_and_Cruise/2000-2009/2005/BCD2005668/1_REBOOT","C:/Users/steeler/Documents/Reid/BCD Creation/Fixed Station Biochem Reload/convertingtoBCDBCS/ODF files","AZMP","AZMP","?","C:/Users/steeler/Documents/Reid/BCD Creation/Fixed Station Biochem Reload/convertingtoBCDBCS/corrected biolsums","BCD2005668_biolsums_JB_edited.csv","C:/Users/steeler/Documents/Reid/BCD Creation/Fixed Station Biochem Reload/checkingnewqats/NEWQATS_RS","BCD2005668_QAT2020.csv"
"BCD2005669","BCD2005669_BiolSum.xls","BCD2005669_QAT_BC.csv","BCD2005669_ctd_metadata.xlsx","//ent.dfo-mpo.ca/ATLShares/Science/BIODataSvc/SRC/BIOCHEMInventory/Data_by_Year_and_Cruise/2000-2009/2005/BCD2005669/1_REBOOT","C:/Users/steeler/Documents/Reid/BCD Creation/Fixed Station Biochem Reload/convertingtoBCDBCS/ODF files","AZMP","AZMP","?","C:/Users/steeler/Documents/Reid/BCD Creation/Fixed Station Biochem Reload/convertingtoBCDBCS/corrected biolsums","BCD2005669_BiolSum_edited.csv","C:/Users/steeler/Documents/Reid/BCD Creation/Fixed Station Biochem Reload/checkingnewqats/NEWQATS_RS","BCD2005669_QAT2020.csv"
"BCD2006666","BCD2006666_BiolSum.xls","BCD2006666_QAT_BC.csv","BCD2006666_ctd_metadata.xlsx","//ent.dfo-mpo.ca/ATLShares/Science/BIODataSvc/SRC/BIOCHEMInventory/Data_by_Year_and_Cruise/2000-2009/2006/BCD2006666/1_REBOOT","C:/Users/steeler/Documents/Reid/BCD Creation/Fixed Station Biochem Reload/convertingtoBCDBCS/ODF files","AZMP","AZMP","?","C:/Users/steeler/Documents/Reid/BCD Creation/Fixed Station Biochem Reload/convertingtoBCDBCS/corrected biolsums","BCD2006666_BiolSum_edited.csv","C:/Users/steeler/Documents/Reid/BCD Creation/Fixed Station Biochem Reload/checkingnewqats/NEWQATS_RS","BCD2006666_QAT2020.csv"
"BCD2006668","BCD2006668_biolsums_JB.xlsx","BCD2006668_QAT_BC.csv","BCD2006668_ctd_metadata.xlsx","//ent.dfo-mpo.ca/ATLShares/Science/BIODataSvc/SRC/BIOCHEMInventory/Data_by_Year_and_Cruise/2000-2009/2006/BCD2006668/1_REBOOT","C:/Users/steeler/Documents/Reid/BCD Creation/Fixed Station Biochem Reload/convertingtoBCDBCS/ODF files","AZMP","AZMP","?","C:/Users/steeler/Documents/Reid/BCD Creation/Fixed Station Biochem Reload/convertingtoBCDBCS/corrected biolsums","BCD2006668_biolsums_JB_edited.csv","C:/Users/steeler/Documents/Reid/BCD Creation/Fixed Station Biochem Reload/checkingnewqats/NEWQATS_RS","BCD2006668_QAT2020.csv"
"BCD2006669","BCD2006669_BiolSum.xls","BCD2006669_QAT_BC.csv","BCD2006669_ctd_metadata.xlsx","//ent.dfo-mpo.ca/ATLShares/Science/BIODataSvc/SRC/BIOCHEMInventory/Data_by_Year_and_Cruise/2000-2009/2006/BCD2006669/1_REBOOT","C:/Users/steeler/Documents/Reid/BCD Creation/Fixed Station Biochem Reload/convertingtoBCDBCS/ODF files","AZMP","AZMP","?","C:/Users/steeler/Documents/Reid/BCD Creation/Fixed Station Biochem Reload/convertingtoBCDBCS/corrected biolsums","BCD2006669_BiolSum_edited.csv","C:/Users/steeler/Documents/Reid/BCD Creation/Fixed Station Biochem Reload/checkingnewqats/NEWQATS_RS","BCD2006669_QAT2020.csv"
"BCD2007666","BCD2007666_BiolSum.xls","BCD2007666_QAT_BC.csv","BCD2007666_ctd_metadata.xlsx","//ent.dfo-mpo.ca/ATLShares/Science/BIODataSvc/SRC/BIOCHEMInventory/Data_by_Year_and_Cruise/2000-2009/2007/BCD2007666/1_REBOOT","C:/Users/steeler/Documents/Reid/BCD Creation/Fixed Station Biochem Reload/convertingtoBCDBCS/ODF files","AZMP","AZMP","?","C:/Users/steeler/Documents/Reid/BCD Creation/Fixed Station Biochem Reload/convertingtoBCDBCS/corrected biolsums","BCD2007666_BiolSum_edited.csv","C:/Users/steeler/Documents/Reid/BCD Creation/Fixed Station Biochem Reload/checkingnewqats/NEWQATS_RS","BCD2007666_QAT2020.csv"
"BCD2007668","BCD2007668_biolsums_JB.xlsx","BCD2007668_QAT_BC.csv","BCD2007668_ctd_metadata.xlsx","//ent.dfo-mpo.ca/ATLShares/Science/BIODataSvc/SRC/BIOCHEMInventory/Data_by_Year_and_Cruise/2000-2009/2007/BCD2007668/1_REBOOT","C:/Users/steeler/Documents/Reid/BCD Creation/Fixed Station Biochem Reload/convertingtoBCDBCS/ODF files","AZMP","AZMP","?","C:/Users/steeler/Documents/Reid/BCD Creation/Fixed Station Biochem Reload/convertingtoBCDBCS/corrected biolsums","BCD2007668_biolsums_JB_edited.csv","C:/Users/steeler/Documents/Reid/BCD Creation/Fixed Station Biochem Reload/checkingnewqats/NEWQATS_RS","BCD2007668_QAT2020.csv"
"BCD2007669","BCD2007669_BiolSum.xls","BCD2007669_QAT_BC.csv","BCD2007669_ctd_metadata.xlsx","//ent.dfo-mpo.ca/ATLShares/Science/BIODataSvc/SRC/BIOCHEMInventory/Data_by_Year_and_Cruise/2000-2009/2007/BCD2007669/1_REBOOT","C:/Users/steeler/Documents/Reid/BCD Creation/Fixed Station Biochem Reload/convertingtoBCDBCS/ODF files","AZMP","AZMP","?","C:/Users/steeler/Documents/Reid/BCD Creation/Fixed Station Biochem Reload/convertingtoBCDBCS/corrected biolsums","BCD2007669_BiolSum_edited.csv","C:/Users/steeler/Documents/Reid/BCD Creation/Fixed Station Biochem Reload/checkingnewqats/NEWQATS_RS","BCD2007669_QAT2020.csv"
"BCD2008666","BCD2008666_BiolSum.xls","BCD2008666_QAT_BC.csv","BCD2008666_ctd_metadata.xlsx","//ent.dfo-mpo.ca/ATLShares/Science/BIODataSvc/SRC/BIOCHEMInventory/Data_by_Year_and_Cruise/2000-2009/2008/BCD2008666/1_REBOOT","C:/Users/steeler/Documents/Reid/BCD Creation/Fixed Station Biochem Reload/convertingtoBCDBCS/ODF files","AZMP","AZMP","?","C:/Users/steeler/Documents/Reid/BCD Creation/Fixed Station Biochem Reload/convertingtoBCDBCS/corrected biolsums","BCD2008666_BiolSum_edited.csv","C:/Users/steeler/Documents/Reid/BCD Creation/Fixed Station Biochem Reload/checkingnewqats/NEWQATS_RS","BCD2008666_QAT2020.csv"
"BCD2008668","BCD2008668_biolsums_JB.xlsx","BCD2008668_QAT_BC.csv","BCD2008668_ctd_metadata.xlsx","//ent.dfo-mpo.ca/ATLShares/Science/BIODataSvc/SRC/BIOCHEMInventory/Data_by_Year_and_Cruise/2000-2009/2008/BCD2008668/1_REBOOT","C:/Users/steeler/Documents/Reid/BCD Creation/Fixed Station Biochem Reload/convertingtoBCDBCS/ODF files","AZMP","AZMP","?","C:/Users/steeler/Documents/Reid/BCD Creation/Fixed Station Biochem Reload/convertingtoBCDBCS/corrected biolsums","BCD2008668_biolsums_JB_edited.csv","C:/Users/steeler/Documents/Reid/BCD Creation/Fixed Station Biochem Reload/checkingnewqats/NEWQATS_RS","BCD2008668_QAT2020.csv"
"BCD2008669","BCD2008669_BiolSum.xls","BCD2008669_QAT_BC.csv","BCD2008669_ctd_metadata.xlsx","//ent.dfo-mpo.ca/ATLShares/Science/BIODataSvc/SRC/BIOCHEMInventory/Data_by_Year_and_Cruise/2000-2009/2008/BCD2008669/1_REBOOT","C:/Users/steeler/Documents/Reid/BCD Creation/Fixed Station Biochem Reload/convertingtoBCDBCS/ODF files","AZMP","AZMP","?","C:/Users/steeler/Documents/Reid/BCD Creation/Fixed Station Biochem Reload/convertingtoBCDBCS/corrected biolsums","BCD2008669_BiolSum_edited.csv","C:/Users/steeler/Documents/Reid/BCD Creation/Fixed Station Biochem Reload/checkingnewqats/NEWQATS_RS","BCD2008669_QAT2020.csv"
"BCD2009666","BCD2009666_BiolSum.xls","BCD2009666_QAT_BC.csv","BCD2009666_ctd_metadata.xlsx","//ent.dfo-mpo.ca/ATLShares/Science/BIODataSvc/SRC/BIOCHEMInventory/Data_by_Year_and_Cruise/2000-2009/2009/BCD2009666/1_REBOOT","C:/Users/steeler/Documents/Reid/BCD Creation/Fixed Station Biochem Reload/convertingtoBCDBCS/ODF files","AZMP","AZMP","?","C:/Users/steeler/Documents/Reid/BCD Creation/Fixed Station Biochem Reload/convertingtoBCDBCS/corrected biolsums","BCD2009666_BiolSum_edited.csv","C:/Users/steeler/Documents/Reid/BCD Creation/Fixed Station Biochem Reload/checkingnewqats/NEWQATS_RS","BCD2009666_QAT2020.csv"
"BCD2009668","BCD2009668_biolsums_JB.xlsx","BCD2009668_QAT_BC.csv","BCD2009668_ctd_metadata.xlsx","//ent.dfo-mpo.ca/ATLShares/Science/BIODataSvc/SRC/BIOCHEMInventory/Data_by_Year_and_Cruise/2000-2009/2009/BCD2009668/1_REBOOT","C:/Users/steeler/Documents/Reid/BCD Creation/Fixed Station Biochem Reload/convertingtoBCDBCS/ODF files","AZMP","AZMP","?","C:/Users/steeler/Documents/Reid/BCD Creation/Fixed Station Biochem Reload/convertingtoBCDBCS/corrected biolsums","BCD2009668_biolsums_JB_edited.csv","C:/Users/steeler/Documents/Reid/BCD Creation/Fixed Station Biochem Reload/checkingnewqats/NEWQATS_RS","BCD2009668_QAT2020.csv"
"BCD2009669","BCD2009669_BiolSum.xls","BCD2009669_QAT_BC.csv","BCD2009669_ctd_metadata.xlsx","//ent.dfo-mpo.ca/ATLShares/Science/BIODataSvc/SRC/BIOCHEMInventory/Data_by_Year_and_Cruise/2000-2009/2009/BCD2009669/1_REBOOT","C:/Users/steeler/Documents/Reid/BCD Creation/Fixed Station Biochem Reload/convertingtoBCDBCS/ODF files","AZMP","AZMP","?","C:/Users/steeler/Documents/Reid/BCD Creation/Fixed Station Biochem Reload/convertingtoBCDBCS/corrected biolsums","BCD2009669_BiolSum_edited.csv","C:/Users/steeler/Documents/Reid/BCD Creation/Fixed Station Biochem Reload/checkingnewqats/NEWQATS_RS","BCD2009669_QAT2020.csv"
"BCD2010666","BCD2010666_BiolSum.xls","BCD2010666_QAT_BC.csv","BCD2010666_ctd_metadata.xlsx","//ent.dfo-mpo.ca/ATLShares/Science/BIODataSvc/SRC/BIOCHEMInventory/Data_by_Year_and_Cruise/2010+/2010/BCD2010666/1_REBOOT","C:/Users/steeler/Documents/Reid/BCD Creation/Fixed Station Biochem Reload/convertingtoBCDBCS/ODF files","AZMP","AZMP","?","C:/Users/steeler/Documents/Reid/BCD Creation/Fixed Station Biochem Reload/convertingtoBCDBCS/corrected biolsums","BCD2010666_BiolSum_edited.csv","C:/Users/steeler/Documents/Reid/BCD Creation/Fixed Station Biochem Reload/checkingnewqats/NEWQATS_RS","BCD2010666_QAT2020.csv"
"BCD2010669","BCD2010669_BiolSum.xls","BCD2010669_QAT_BC.csv","BCD2010669_ctd_metadata.xlsx","//ent.dfo-mpo.ca/ATLShares/Science/BIODataSvc/SRC/BIOCHEMInventory/Data_by_Year_and_Cruise/2010+/2010/BCD2010669/1_REBOOT","C:/Users/steeler/Documents/Reid/BCD Creation/Fixed Station Biochem Reload/convertingtoBCDBCS/ODF files","AZMP","AZMP","?","C:/Users/steeler/Documents/Reid/BCD Creation/Fixed Station Biochem Reload/convertingtoBCDBCS/corrected biolsums","BCD2010669_BiolSum_edited.csv","C:/Users/steeler/Documents/Reid/BCD Creation/Fixed Station Biochem Reload/checkingnewqats/NEWQATS_RS","BCD2010669_QAT2020.csv"
"BCD2011666","BCD2011666_BiolSum.xls","BCD2011666_QAT_BC.csv","BCD2011666_ctd_metadata.xlsx","//ent.dfo-mpo.ca/ATLShares/Science/BIODataSvc/SRC/BIOCHEMInventory/Data_by_Year_and_Cruise/2010+/2011/BCD2011666/1_REBOOT","C:/Users/steeler/Documents/Reid/BCD Creation/Fixed Station Biochem Reload/convertingtoBCDBCS/ODF files","AZMP","AZMP","?","C:/Users/steeler/Documents/Reid/BCD Creation/Fixed Station Biochem Reload/convertingtoBCDBCS/corrected biolsums","BCD2011666_BiolSum_edited.csv","C:/Users/steeler/Documents/Reid/BCD Creation/Fixed Station Biochem Reload/checkingnewqats/NEWQATS_RS","BCD2011666_QAT2020.csv"
"BCD2011669","BCD2011669_BiolSum.xls","BCD2011669_QAT_BC.csv","BCD2011669_ctd_metadata.xlsx","//ent.dfo-mpo.ca/ATLShares/Science/BIODataSvc/SRC/BIOCHEMInventory/Data_by_Year_and_Cruise/2010+/2011/BCD2011669/1_REBOOT","C:/Users/steeler/Documents/Reid/BCD Creation/Fixed Station Biochem Reload/convertingtoBCDBCS/ODF files","AZMP","AZMP","?","C:/Users/steeler/Documents/Reid/BCD Creation/Fixed Station Biochem Reload/convertingtoBCDBCS/corrected biolsums","BCD2011669_BiolSum_edited.csv","C:/Users/steeler/Documents/Reid/BCD Creation/Fixed Station Biochem Reload/checkingnewqats/NEWQATS_RS","BCD2011669_QAT2020.csv"
"BCD2012666","BCD2012666_BiolSum.xls","BCD2012666_QAT_BC.csv","BCD2012666_ctd_metadata.xlsx","//ent.dfo-mpo.ca/ATLShares/Science/BIODataSvc/SRC/BIOCHEMInventory/Data_by_Year_and_Cruise/2010+/2012/BCD2012666/1_REBOOT","C:/Users/steeler/Documents/Reid/BCD Creation/Fixed Station Biochem Reload/convertingtoBCDBCS/ODF files","AZMP","AZMP","?","C:/Users/steeler/Documents/Reid/BCD Creation/Fixed Station Biochem Reload/convertingtoBCDBCS/corrected biolsums","BCD2012666_BiolSum_edited.csv","C:/Users/steeler/Documents/Reid/BCD Creation/Fixed Station Biochem Reload/checkingnewqats/NEWQATS_RS","BCD2012666_QAT2020.csv"
"BCD2012669","BCD2012669_BiolSum.xls","BCD2012669_QAT_BC.csv","BCD2012669_ctd_metadata.xlsx","//ent.dfo-mpo.ca/ATLShares/Science/BIODataSvc/SRC/BIOCHEMInventory/Data_by_Year_and_Cruise/2010+/2012/BCD2012669/1_REBOOT","C:/Users/steeler/Documents/Reid/BCD Creation/Fixed Station Biochem Reload/convertingtoBCDBCS/ODF files","AZMP","AZMP","?","C:/Users/steeler/Documents/Reid/BCD Creation/Fixed Station Biochem Reload/convertingtoBCDBCS/corrected biolsums","BCD2012669_BiolSum_edited.csv","C:/Users/steeler/Documents/Reid/BCD Creation/Fixed Station Biochem Reload/checkingnewqats/NEWQATS_RS","BCD2012669_QAT2020.csv"
"BCD2013666","BCD2013666_BiolSum.xls","BCD2013666_QAT_BC.csv","BCD2013666_ctd_metadata.xlsx","//ent.dfo-mpo.ca/ATLShares/Science/BIODataSvc/SRC/BIOCHEMInventory/Data_by_Year_and_Cruise/2010+/2013/BCD2013666/1_REBOOT","C:/Users/steeler/Documents/Reid/BCD Creation/Fixed Station Biochem Reload/convertingtoBCDBCS/ODF files","AZMP","AZMP","?","C:/Users/steeler/Documents/Reid/BCD Creation/Fixed Station Biochem Reload/convertingtoBCDBCS/corrected biolsums","BCD2013666_BiolSum_edited.csv","C:/Users/steeler/Documents/Reid/BCD Creation/Fixed Station Biochem Reload/checkingnewqats/NEWQATS_RS","BCD2013666_QAT2020.csv"
"BCD2013669","BCD2013669_BiolSum.xls","BCD2013669_QAT_BC.csv","BCD2013669_ctd_metadata.xlsx","//ent.dfo-mpo.ca/ATLShares/Science/BIODataSvc/SRC/BIOCHEMInventory/Data_by_Year_and_Cruise/2010+/2013/BCD2013669/1_REBOOT","C:/Users/steeler/Documents/Reid/BCD Creation/Fixed Station Biochem Reload/convertingtoBCDBCS/ODF files","AZMP","AZMP","?","C:/Users/steeler/Documents/Reid/BCD Creation/Fixed Station Biochem Reload/convertingtoBCDBCS/corrected biolsums","BCD2013669_BiolSum_edited.csv","C:/Users/steeler/Documents/Reid/BCD Creation/Fixed Station Biochem Reload/checkingnewqats/NEWQATS_RS","BCD2013669_QAT2020.csv"
